age,credit,children,loan
0,19,27.9,0,16884.92400
1,18,42.13,1,1725.5523
2,28,33.000,3,4449.462 
3,33,22.705,0,21984.47061 
4,32,28.88,0,3866.8552

